study_hours,attendance,assignment_score,previous_score,sleep_hours,practice_tests,exam_score
0.7744,0.0616,0.8428,0.8296,0.716,0.3,0.4639
0.4386,0.4582,0.4459,0.5942,0.3566,0.2,0.368
0.8592,0.1287,0.9532,0.2445,0.852,0.5,0.4043
0.6976,0.152,0.6506,0.746,0.2403,0.7,0.4473
0.0931,0.6325,0.115,0.0839,0.5381,0.2,0.0138
0.9765,0.3928,0.8852,0.7747,0.1834,0.8,0.6048
0.7615,0.9223,0.4889,0.5901,0.495,0.7,0.6349
0.7865,0.319,0.1408,0.1102,0.1517,0.1,0.1281
0.1272,0.7265,0.1519,0.079,0.1608,1,0.045
0.4501,0.4611,0.6874,0.7511,0.612,0,0.4488
0.3704,0.6602,0.0464,0.2927,0.2632,0.7,0.193
0.9275,0.5998,0.286,0.8898,0.1716,0.4,0.6622
0.644,0.4728,0.139,0.7624,0.93,0.7,0.4849
0.8233,0.9506,0.4406,0.6984,0.0421,0.8,0.4721
0.4431,0.3426,0.4139,0.2783,0.5649,0.7,0.1693
0.2265,0.1769,0.5215,0.7092,0.548,0.7,0.2818
0.5545,0.6783,0.279,0.9487,0.25,0.9,0.5376
0.0627,0.8464,0.0311,0.091,0.4524,0.7,0.2413
0.8282,0.0398,0.6141,0.3259,0.0869,0.8,0.0909
0.6318,0.4496,0.3732,0.2343,0.7212,0.4,0.0431
0.7585,0.8929,0.6511,0.3931,0.221,0.2,0.3999
0.354,0.7499,0.1078,0.7426,0.1927,0.2,0.417
0.9715,0.9924,0.0128,0.4742,0.3143,0.6,0.4166
0.8938,0.5315,0.2476,0.5708,0.9025,0.5,0.3923
0.7788,0.6602,0.4561,0.3139,0.7965,0,0.4196
0.1938,0.3023,0.3936,0.1408,0.9471,0.2,0
0.4665,0.9481,0.8103,0.2666,0.6518,1,0.6109
0.0427,0.3662,0.3773,0.8601,0.6628,0.7,0.4021
0.1534,0.7388,0.5301,0.6025,0.4797,0.8,0.5426
0.6833,0.4031,0.5933,0.3778,0.9054,0.2,0.1949
0.7451,0.5619,0.0209,0.7902,0.5106,0,0.354
0.9683,0.7201,0.5148,0.0639,0.3546,0.3,0.2723
0.3253,0.509,0.3443,0.2536,0.6402,0.9,0.3124
0.37,0.9076,0.4208,0.2297,0.5459,0.5,0.1711
0.4693,0.4192,0.0994,0.9859,0.1232,0.8,0.4402
0.1886,0.6473,0.7828,0.7063,0.3923,0.5,0.4715
0.129,0.3422,0.9426,0.6179,0.3128,0.5,0.5415
0.4755,0.4081,0.0213,0.0043,0.8469,0.6,0.0284
0.2262,0.44,0.6011,0.1839,0.3784,1,0.3528
0.67,0.1254,0.7638,0.6357,0.8216,0.4,0.372
0.4368,0.0913,0.2842,0.3795,0.442,0.6,0.2079
0.8332,0.6677,0.7875,0.9248,0.7535,1,0.8707
0.7005,0.6557,0.6321,0.765,0.1345,0.4,0.4268
0.3118,0.6631,0.9293,0.4473,0.9248,0.9,0.5908
0.8328,0.0193,0.9812,0.7498,0.4802,0.5,0.6162
0.8052,0.3264,0.0414,0.976,0.2592,0.9,0.3914
0.3871,0.1975,0.4445,0.4609,0.2409,0.5,0.1214
0.2877,0.7785,0.5467,0.6427,0.2645,0.6,0.5963
0.6827,0.8611,0.1459,0.9192,0.3662,0.3,0.4319
0.1388,0.2464,0.3357,0.2483,0.7175,0.6,0.0886
0.1991,0.6681,0.9879,0.887,0.9498,0.3,0.7248
0.0061,0.129,0.0153,0.097,0.6689,0.6,0
0.7874,0.2749,0.4521,0.6486,0.5469,0.8,0.3269
0.665,0.1383,0.8427,0.7832,0.4482,0.4,0.4515
0.7054,0.2833,0.3233,0.6147,0.8283,0.4,0.3207
0.7812,0.675,0.4794,0.4955,0.8498,0.3,0.5114
0.4587,0.9108,0.9783,0.6175,0.2925,0.8,0.9078
0.5687,0.2022,0.4745,0.1512,0.9536,0.6,0
0.1389,0.5422,0.1301,0.2152,0.3947,0.5,0.1252
0.1135,0.7016,0.0508,0.2696,0.8001,0,0.023
0.6686,0.9534,0.9456,0.5979,0.9671,0.1,0.7781
0.4709,0.6102,0.2651,0.4418,0.7036,0,0.1846
0.5652,0.2549,0.5037,0.2441,0.1608,0.9,0.1322
0.7654,0.6256,0.0898,0.8833,0.5859,0.9,0.418
0.6348,0.3203,0.4232,0.3737,0.118,0,0.2095
0.5535,0.9767,0.9303,0.4459,0.7892,0,0.6318
0.5592,0.3996,0.502,0.4096,0.2807,0.8,0.3522
0.3034,0.6857,0.9713,0.1815,0.6951,0.5,0.4134
0.0296,0.0227,0.2582,0.7319,0.9103,0.3,0.1014
0.4364,0.4,0.5042,0.4484,0.1803,0.6,0.3768
0.2138,0.8755,0.8596,0.0156,0.3924,0.2,0.3276
0.4082,0.6104,0.4478,0.9646,0.647,0.2,0.683
0.854,0.4439,0.2788,0.8161,0.4192,0.4,0.3741
0.2332,0.9364,0.8555,0.7238,0.1741,0.9,0.5514
0.0572,0.8544,0.3894,0.8695,0.0282,0.8,0.5689
0.2807,0.3221,0.5304,0.9073,0.4062,0.2,0.6055
0.293,0.5446,0.9767,0.3373,0.6491,0.6,0.4659
0.6621,0.4898,0.1857,0.6111,0.5738,0.9,0.3157
0.557,0.6324,0.3008,0.6089,0.1555,1,0.3225
0.7843,0.334,0.0301,0.267,0.4503,0.8,0.246
0.6645,0.244,0.3913,0.2216,0.369,0.1,0.028
0.406,0.9132,0.1994,0.1134,0.2736,0.2,0.1132
0.8145,0.9244,0.6799,0.6595,0.7292,0.2,0.6795
0.1661,0.8437,0.1806,0.7812,0.3091,0.1,0.2721
0.0215,0.9788,0.6746,0.7612,0.5399,0.1,0.7465
0.089,0.7453,0.2628,0.316,0.9234,0.3,0.2957
0.7227,0.765,0.3547,0.2049,0.539,0.6,0.3547
0.4616,0.7629,0.3483,0.4535,0.6168,0.4,0.4113
0.1604,0.4806,0.7166,0.5468,0.0724,0.4,0.4061
0.5009,0.4564,0.4661,0.9196,0.1774,0.2,0.4212
0.1514,0.24,0.3608,0.8753,0.1001,0.1,0.3634
0.6966,0.645,0.8527,0.9165,0.7648,1,0.6576
0.4459,0.2891,0.5717,0.8507,0.836,0.6,0.5397
0.3806,0.2576,0.2131,0.9651,0.1858,0.2,0.468
0.3009,0.5861,0.9002,0.4654,0.2186,0.8,0.6357
0.6304,0.4099,0.3421,0.0469,0.3227,0.9,0.1332
0.3613,0.2186,0.038,0.083,0.5909,1,0.0358
0.0866,0.8164,0.4942,0.3901,0.6216,0.1,0.3304
0.117,0.861,0.1231,0.2574,0.6867,0.7,0.1665
0.9627,0.1674,0.2378,0.1695,0.9054,1,0.1296
0.9093,0.007,0.747,0.9537,0.2945,0.8,0.5189
0.7,0.336,0.1299,0.195,0.6586,0.2,0.0836
0.2652,0.7979,0.8069,0.9599,0.5595,0.9,0.6622
0.97,0.8396,0.9371,0.7611,0.3053,0.4,0.6673
0.7792,0.138,0.6063,0.6411,0.9076,0.5,0.4457
0.7172,0.7747,0.7102,0.6762,0.0947,0.6,0.6864
0.4491,0.1153,0.7135,0.3312,0.7119,0.8,0.1694
0.2716,0.39,0.993,0.6466,0.7278,0.1,0.5992
0.0954,0.9992,0.341,0.1863,0.9155,0.5,0.233
0.9033,0.1923,0.1621,0.9382,0.5183,0.8,0.4081
0.4555,0.1536,0.5188,0.3015,0.3211,0.6,0.3122
0.2016,0.4227,0.5329,0.2549,0.8278,0.3,0.2913
0.3054,0.6198,0.1771,0.7114,0.7708,0,0.4324
0.5792,0.9334,0.6129,0.6566,0.5,0.6,0.7787
0.1759,0.9814,0.0132,0.4512,0.7679,0.7,0.2367
0.8572,0.0692,0.9278,0.6326,0.2673,0.6,0.3815
0.7589,0.1376,0.2639,0.159,0.5893,1,0
0.7198,0.7911,0.0386,0.6735,0.8653,0.6,0.37
0.4318,0.2704,0.1074,0.2703,0.3174,0.5,0
0.6274,0.8853,0.2396,0.2725,0.4832,0,0.2496
0.5841,0.6637,0.2733,0.1617,0.9513,0.6,0.1417
0.65,0.1114,0.0319,0.3321,0.7983,0.1,0.0942
0.0834,0.8329,0.2787,0.331,0.8872,0.7,0.3211
0.4155,0.176,0.1922,0.4541,0.3848,0.1,0.0735
0.0405,0.4234,0.3781,0.19,0.9968,0.9,0.2034
0.4938,0.5523,0.3846,0.1926,0.1518,0.3,0.2533
0.3293,0.5008,0.3384,0.5418,0.5185,0.4,0.2438
0.1436,0.6864,0.3273,0.1284,0.4789,0.1,0.1024
0.1024,0.6529,0.0889,0.6891,0.7985,0.2,0.117
0.5877,0.9926,0.0242,0.9445,0.9088,1,0.4752
0.1697,1,0.2014,0.4267,0.7311,0.3,0.2738
0.9259,0.5165,0.7566,0.9016,0.6266,0.5,0.6753
0.5811,0.0948,0.991,0.0978,0.427,1,0.1649
0.3464,0.7281,0.9287,0.0424,0.51,0.6,0.3044
0.5909,0.9772,0.5038,0.7216,0.509,0,0.4739
0.0216,0.3182,0.5315,0.7613,0.0195,0.3,0.4158
0.9594,0.4612,0.314,0.8435,0.5027,0.4,0.5158
0.4821,0.4247,0.7739,0.0562,0.8561,0.3,0.2617
0.7832,0.051,0.7647,0.7772,0.7092,0.2,0.4664
0.0817,0.6725,0.8443,0.3764,0.7957,0.5,0.302
0.4865,0.3532,0.8956,0.3031,0.39,0.4,0.3006
0.4905,0.7878,0.4339,0.1726,0.5287,0.3,0.2251
0.9386,0.8325,0.7668,0.9966,0.0326,0.4,0.7565
0.5717,0.8216,0.8064,0.0631,0.3825,0.3,0.356
0.4733,0.4166,0.3078,0.8274,0.4741,0.2,0.5464
0.2663,0.3214,0.9294,0.6396,0.2546,0.4,0.5744
0.331,0.7491,0.0935,0.7353,0.0304,1,0.3171
0.5205,0.8018,0.9945,0.712,0.6903,0.5,0.7754
0.4386,0.4913,0.77,0.8589,0.4347,0.6,0.6746
0.0204,0.8935,0.0924,0.1834,0.4153,1,0.1025
0.8268,0.1435,0.656,0.0002,0.2494,0.6,0.1874
0.8968,0.8795,0.0332,0.5986,0.5376,0.2,0.3601
0.1393,0.0957,0.7701,0.3537,0.4376,0.4,0.1155
0.554,0.1532,0.7992,0.1233,0.4736,0.5,0.2387
0.1076,0.5339,0.6022,0.1857,0.5806,0.5,0.257
0.6724,0.0671,0.8569,0.3315,0.0054,0.1,0.2549
0.2806,0.0523,0.097,0.0697,0.9079,0.1,0
0.6596,0,0.2753,0.0563,0.0702,0.3,0
0.7273,0.4363,0.4137,0.9165,0.4505,1,0.599
0.7691,0.775,0.0415,0.3118,0.2067,0.7,0.2188
0.1067,0.0344,0.4478,0.9828,0.5235,0.9,0.4446
0.9167,0.6525,0.2645,0.9649,0.2796,0.1,0.5857
0.2295,0.8235,0.3922,0.1421,0.8601,0.4,0.1281
0.0363,0.1677,0.4246,0.7152,0.3959,0.6,0.2352
0.5548,0.1465,0.8795,0.6009,0.6386,0.4,0.2359
0.3705,0.8612,0.2697,0.6909,0.2483,0.4,0.5124
0.8303,0.8235,0.8938,0.0957,0.0185,0.3,0.2948
0.8087,0.539,0.4255,0.1881,0.4037,0,0.2192
0.3166,0.8196,0.3272,0.0761,0.5362,0.9,0.2366
0.9537,0.0923,0.5021,0.6042,0.4592,1,0.4035
0.2903,0.3944,0.4173,0.9872,0.9623,0,0.3933
0.5149,0.7381,0.2567,0.6722,0.7068,0.4,0.4219
0.2553,0.2572,0.5023,0.711,0.996,0.5,0.5382
0.9368,0.7526,0.151,0.9852,0.2945,0.8,0.7377
0.1637,0.5042,0.3514,0.6782,0.7891,1,0.4883
0.0438,0.7506,0.5655,0.0396,0.5553,0.4,0.2403
0.4348,0.4647,0.4129,0.8674,0.6116,0.8,0.4097
0.9933,0.3678,0.8239,0.3645,0.9861,1,0.4952
0.8923,0.2189,0.256,0.0037,0.6539,0.9,0.0039
0.749,0.2081,0.97,0.5072,0.899,0.3,0.5077
0.8915,0.7518,0.7847,0.9375,0.7257,0.8,0.711
0.8941,0.1185,0.9678,0.257,0.1266,0.4,0.3038
0.5187,0.0856,0.8382,0.4915,0.6993,0,0.3576
0.3154,0.176,0.1413,0.1733,0.484,0.8,0.0257
0.7724,0.175,0.5261,0.0571,0.919,0.9,0.1613
0.6618,0.8235,0.1692,0.08,0.8069,0.3,0.103
0.3732,0.3984,0.8182,0.7273,0.1033,0.4,0.4056
0.0934,0.991,0.5839,0.8645,0.1332,0.4,0.811
0.7471,0.1368,0.2628,0.1428,0.0688,0.1,0.2465
0.2618,0.6537,0.9297,0.288,0.4929,1,0.4952
0.9376,0.4487,0.1143,0.1946,0.0799,0,0
0.2402,0.3928,0.5636,0.0262,0.7236,0.6,0.0542
0.1218,0.8755,0.7209,0.5535,0.5521,0,0.5698
0.8316,0.9761,0.0579,0.7001,0.836,0.7,0.5981
0.1524,0.8733,0.5976,0.648,0.2792,0.9,0.445
0.1784,0.192,0.8159,0.3879,0.5188,0.7,0.3065
0.5994,0.2205,0.0666,0.5551,0.1167,0.6,0.192
0.8752,0.6563,0.5119,0.0936,0.8848,0.9,0.3473
0.1956,0.2889,0.2579,0.1539,0.1743,1,0.0282
0.3097,0.735,0.6627,0.9323,0.1016,0.9,0.5356
0.7778,0.5665,0.1178,0.7618,0.2044,0.2,0.4375
0.9727,0.551,0.9372,0.9232,0.8063,0.6,0.8607
0.5006,0.8289,0.8948,0.9172,0.105,0.9,0.7812
0.143,0.7108,0.1852,0.6496,0.6142,0.3,0.3942
0.0127,0.0261,0.3227,0.9287,0.7462,0.7,0.3054
0.2289,0.049,0.5874,0.4166,0.7511,0,0.1177
0.1309,0.6017,0.718,0.003,0.1894,0.9,0.3167
0.6779,0.4862,0.4422,0.062,0.0608,0.6,0.1852
0.1209,0.26,0.1555,0.109,0.4484,0.8,0.0332
0.5062,0.4186,0.1033,0.0948,0.2018,0.9,0.1732
0.6945,0.7582,1,0.3515,0.6992,0.2,0.4394
0.5811,0.827,0.4549,0.7015,0.3562,0.4,0.4814
0.199,0.5613,0.8726,0.791,0.449,0.9,0.6476
0.8046,0.3853,0.482,0.5903,0.1127,0.1,0.3167
0.7157,0.2705,0.9225,0.146,0.5673,0.9,0.3794
0.7393,0.522,0.0869,0.7482,0.1848,0.3,0.3348
0.1301,0.3146,0.1132,0.3546,0.6789,0.6,0.0063
0.1228,0.5642,0.9298,0.0124,0.0703,0.5,0.2756
0.9283,0.6769,0.9477,0.2803,0.9762,0.7,0.5169
0.3972,0.0656,0.3141,0.3304,0.6844,0.9,0.1999
0.3004,0.0005,0.3546,0.2739,0.181,0.3,0.0851
0.4884,0.212,0.452,0.8122,0.0132,0.1,0.4338
0.663,0.895,0.4157,0.7602,0.3339,0.4,0.6
0.9564,0.6465,0.1893,0.6958,0.1521,0.6,0.4042
0.2858,0.1716,0.8985,0.1385,0.2177,0.8,0.1661
0.9255,0.8907,0.2526,0.8082,0.8729,0.8,0.6021
0.0237,0.47,0.7051,0.6774,0.603,0.3,0.4368
0.5551,0.4761,0.0662,0.1944,0.1757,1,0.2468
0.6341,0.936,0.0378,0.6483,0.5564,0,0.5144
0.1049,0.059,0.6535,0.4835,0.2552,0.1,0.2998
0.1394,0.2149,0.3384,0.4392,0.9765,0,0.201
0.4188,0.5859,0.6553,0.1116,0.0319,1,0.2597
0.9671,0.1952,0.0931,0.5183,0.7323,0.1,0.055
0.5961,0.6798,0.95,0.0994,0.773,0.6,0.3713
0.9338,0.2138,0.7484,0.1638,0.0663,0.8,0.2564
0.8048,0.0987,0.8764,0.1321,0.1712,0.8,0.2568
0.4671,0.2067,0.1356,0.9546,0.3838,1,0.4297
0.7852,0.4227,0.3196,0.2846,0.8683,0,0.2727
0.0166,0.1758,0.3678,0.355,0.5367,0.4,0.0639
0.1081,0.1343,0.5368,0.3218,0.6552,0.5,0.1052
0.83,0.8607,0.2962,0.8987,0.783,0.7,0.7463
0.7973,0.3202,0.0597,0.563,0.8282,0.6,0.2951
0.2319,0.3606,0.3683,0.9197,0.4759,0.6,0.4246
0.5307,0.0548,0.2539,0.2997,0.5085,0.3,0.0512
0.6061,0.3572,0.3854,0.1143,0.7179,0.1,0.0935
0.8684,0.2646,0.1962,0.5563,0.2627,0.4,0.2447
0.6032,0.6106,0.2612,0.3453,0.8546,0.2,0.2871
0.4122,0.2051,0.6267,0.8023,0.0199,0.6,0.6904
0.3737,0.8888,0.3876,0.8799,0.1951,0.8,0.6262
0.4256,0.9302,0.3448,0.4725,0.8002,0.6,0.4819
0.6521,0.0994,0.5336,0.9719,0.3397,0.6,0.338
0.8681,0.107,0.7718,0.5531,0.1491,0,0.327
0.4536,0.1149,0.3783,0.2706,0.1861,0.7,0.2253
0.2471,0.6197,0.5872,0.4889,0.5305,0.4,0.4378
0.2359,0.1216,0.9664,0.0367,0.8463,0.1,0
0.7464,0.8528,0.5216,0.8044,0.0698,0.2,0.6718
0.8171,0.7546,0.9099,0.1009,0.0296,0.8,0.5904
0.1043,0.8202,0.7937,0.3085,0.4648,1,0.2691
0.0655,0.5261,0.0578,0.5654,0.9564,0.5,0.3709
0.5945,0.9973,0.4286,0.0424,0.2784,1,0.0329
0.1452,0.0437,0.6982,0.0788,0.9594,0.1,0.1624
0.8252,0.4012,0.9869,0.6963,0.8878,0.3,0.6064
0.3098,0.3238,0.4579,0.0712,0.2826,1,0
0.1429,0.9492,0.0919,0.477,0.817,0.1,0.3482
0.9217,0.577,0.5617,0.3385,0.6858,0.7,0.4748
0.1646,0.8066,0.1257,0.2277,0.5115,0.2,0.1991
0.2841,0.17,0.7514,0.1884,0.4225,0.3,0.2436
0.1527,0.9792,0.5073,0.7637,0.8156,0.5,0.5629
0.1145,0.4987,0.7233,0.9521,0.7931,0.3,0.4444
0.02,0.4937,0.8694,0.1397,0.7569,0.9,0.3682
0.0543,0.9714,0.6287,0.9602,0.9985,1,0.9054
0.1738,0.3806,0.6122,0.5949,0.4782,0.5,0.4942
0.0523,0.3974,0.7545,0.6418,0.807,0.5,0.2754
0.5912,0.5849,0.8425,0.7102,0.8626,0,0.4496
0.6809,0.1277,0.8691,0.7043,0.2109,0.2,0.3971
0.3932,0.3209,0.0355,0.8202,0.0412,0,0.1298
0.3174,0.1929,0.5559,0.4834,0.4043,0.9,0.2954
0.5044,0.1029,0.2155,0.5334,0.8568,0.2,0.2043
0.8756,0.8666,0.8604,0.3236,0.2885,0.3,0.3867
0.8517,0.5895,0.6482,0.1047,0.6999,0.9,0.3676
0.0423,0.3585,0.4197,0.6648,0.0064,0.7,0.4011
0.1806,0.4086,0.1873,0.033,0.3549,0.6,0
0.236,0.4315,0.3384,0.2753,0.6153,0,0.1369
0.2487,0.6333,0.7036,0.0937,0.129,0.6,0.0837
0.5712,0.9273,0.2036,0.1903,0.8968,0.6,0.2229
0.4159,0.9333,0.0927,0.6389,0.1555,0.3,0.3964
0.0481,0.3914,0.8881,0.6286,0.91,0.8,0.5232
0.3732,0.3291,0.7642,0.4209,0.2157,1,0.4096
0.5236,0.451,0.199,0.0896,0.9946,0.2,0.0795
0.1007,0.568,0.2917,0.4333,0.6046,0.3,0.2255
0.834,0.4618,0.9723,0.3525,0.0835,0.3,0.4786
0.0508,0.659,0.7081,0.7207,0.0644,0.9,0.6514
0.9256,0.5545,0.6103,0.5791,0.0741,0,0.4482
0.0981,0.3205,0.307,0.4915,0.5897,0.9,0.2645
0.8441,0.3456,0.2985,0.4869,0.8096,0.8,0.2682
0.9033,0.3785,0.0386,0.9668,0.4025,0.5,0.3582
0.9804,0.0942,0.7284,0.7566,0.4444,0.6,0.5289
0.8025,0.1657,0.0422,0.497,0.5891,0.9,0.1024
0.7799,0.7234,0.0039,0.4792,0.5328,0.8,0.3169
0.6426,0.389,0.7294,0.0259,0.688,0.3,0.1973
0.7794,0.2143,0.949,0.943,0.4714,0,0.6099
0.1336,0.5628,0.7564,0.3189,0.7138,0.7,0.3379
0.536,0.7558,0.4712,0.2556,0.9976,0.1,0.2585
0.5141,0.2572,0.4857,1,0.3498,0,0.3512
0.8582,0.8272,0.4357,0.7189,0.0113,1,0.6062
0.4626,0.928,0.3241,0.0468,0.1249,0.5,0.2295
0.3847,0.5975,0.5214,0.0613,0.5533,0.7,0.2743
0.6397,0.6692,0.4307,0.0249,0.3437,0.2,0.1158
0.2658,0.0521,0.5979,0.5997,0.9402,0.1,0.4679
0.1388,0.946,0.8982,0.071,0.6273,0,0.3455
0.4777,0.3924,0.9952,0.9339,0.5201,0.3,0.6091
0.4165,0.9244,0.0778,0.9374,0.7981,0,0.4303
0.2318,0.5791,0.3842,0.5461,0.258,0.4,0.1841
0.3671,0.0041,0.1799,0.6168,0.8198,0.3,0.303
0.3659,0.0381,0.3516,0.2916,0.0021,0.5,0.2027
0.327,0.6806,0.2868,0.0634,0.6195,0.6,0.1906
0.379,0.5628,0.1738,0.7377,0.935,0.3,0.2891
0.686,0.026,0.764,0.1013,0.7879,0.5,0.3192
0.2963,0.7438,0.4959,0.085,0.8537,0,0.1779
0.9496,0.8526,0.9194,0.311,0.3965,0.3,0.5099
0.9171,0.4964,0.0316,0.0118,0.8243,1,0.1646
0.4807,0.4657,0.0661,0.4339,0.5506,1,0.2583
0.3278,0.005,0.4028,0.7079,0.6184,0.5,0.4836
0.5353,0.787,0.0794,0.8017,0.0581,1,0.4816
0.8491,0.3306,0.2621,0.6044,0.2009,0.5,0.2692
0.6527,0.8792,0.9862,0.8473,0.5507,0.1,0.7298
0.8049,0.373,0.2082,0.4064,0.0579,0.9,0.048
0.5326,0.5652,0.1974,0.8492,0.7414,0.4,0.4178
0.633,0.2701,0.5734,0.5065,0.8401,0.6,0.4495
0.2875,0.1602,0.4976,0.2227,0.9206,0.7,0.1943
0.7352,0.7752,0.5802,0.9447,0.101,0.3,0.6774
0.2016,0.4966,0.3762,0.2747,0.9399,0.8,0.122
0.695,0.5366,0.8268,0.0256,0.0668,0.5,0.2927
0.8613,0.966,0.1378,0.2423,0.4737,0.4,0.3671
0.1311,0.9641,0.4279,0.3665,0.8403,0.3,0.4184
0.6145,0.8561,0.6896,0.3511,0.0695,0.8,0.486
0.0941,0.1873,0.8683,0.5247,0.0173,0.2,0.2939
0.726,0.5944,0.369,0.8836,0.0241,0.1,0.5984
0.0834,0.8786,0.5675,0.2921,0.511,0.9,0.093
0.9367,0.3744,0.0682,0.5208,0.8117,0.3,0.2556
0.1365,0.1007,0.1695,0.3399,0.1267,0.7,0.2862
0.9597,0.8113,0.0682,0.8221,0.1238,0.7,0.3496
0.8014,0.4818,0.7278,0.1572,0.5683,0.9,0.2895
0.5937,0.5645,0.2874,0.103,0.2337,0.6,0.1341
0.7831,0.9827,0.7236,0.503,0.7302,0.7,0.559
0.7956,0.6074,0.0655,0.6721,0.9499,0.9,0.4637
0.9468,0.4249,0.8626,0.7959,0.766,1,0.6946
0.2527,0.3699,0.8356,0.5897,0.8773,0,0.4639
0.5901,0.4176,0.088,0.7742,0.5193,0.8,0.4215
0.094,0.118,0.0228,0.3926,0.8324,0.1,0.0135
0.6162,0.7951,0.0554,0.0323,0.1822,0.9,0.3947
0.1704,0.8381,0.8537,0.1156,0.0675,0,0.3664
0.5649,0.2842,0.234,0.0381,0.6558,0.2,0.0156
0.5724,0.3036,0.548,0.3287,0.0511,0.2,0.0771
0.4657,0.8748,0.4258,0.4955,0.8926,0.6,0.3963
0.5225,0.0235,0.7955,0.3561,0.6915,0,0.3548
0.7643,0.5205,0.4885,0.5606,0.9524,0,0.2743
0.7997,0.4637,0.5003,0.4806,0.3133,0.5,0.1634
0.492,0.6904,0.9893,0.6781,0.4858,1,0.6819
0.5996,0.1631,0.1493,0.6671,0.7417,0.5,0.367
0.932,0.6685,0.8307,0.3178,0.2421,0.4,0.4623
0.1188,0.3766,0.0508,0.346,0.5416,0.7,0.0609
0.1161,0.6189,0.4772,0.5852,0.6593,0.6,0.2367
0.0867,0.0396,0.8864,0.5965,0.9791,0.4,0.4252
0.658,0.4617,0.665,0.3144,0.7447,0.6,0.4004
0.4183,0.5223,0.6851,0.3301,0.1173,0,0.1603
0.7747,0.214,0.2626,0.6943,0.475,0.2,0.4071
0.6714,0.1393,0.4181,0.6476,0.5886,0.7,0.3953
0.3331,0.1882,0.366,0.1346,0.1459,0.3,0.1466
0.899,0.344,0.5211,0.4409,0.4316,0,0.3615
0.7629,0.0964,0.4618,0.8932,0.2834,0.1,0.4814
0.2699,0.9478,0.3263,0.0357,0.118,0.9,0.2593
0.3637,0.4049,0.3049,0.8556,0.5117,0.3,0.5006
0.3139,0.8093,0.2502,0.1627,0.1649,0,0.0083
0.1567,0.975,0.3645,0.5072,0.5903,0.8,0.3042
0.1469,0.0803,0.1491,0.4242,0.169,0.5,0.001
0.9369,0.6519,0.8722,0.0095,0.7235,0.4,0.3189
0.4376,0.8718,0.6019,0.9159,0.1946,0.9,0.7355
0.3829,0.6344,0.133,0.4548,0.8964,0.3,0.2775
0.73,0.429,0.6937,0.9548,0.0253,0.6,0.7351
0.5529,0.431,0.8477,0.2865,0.5217,0.8,0.4826
0.9369,0.0354,0.2368,0.8667,0.3196,0.6,0.267
0.7807,0.5347,0.1498,0.9229,0.2244,0.2,0.4787
0.4792,0.9941,0.0076,0.5569,0.4712,0.7,0.2906
0.3759,0.9592,0.0463,0.2023,0.8421,0.8,0.1921
0.9875,0.0399,0.7622,0.6855,0.9155,0.1,0.4609
0.7181,0.7061,0.9874,0.549,0.3027,0.1,0.2879
0.952,0.3016,0.0439,0.9451,0.1535,0.7,0.619
0.1175,0.9035,0.748,0.4392,0.7201,0.1,0.5444
0.8511,0.0446,0.071,0.2682,0.5818,0.9,0
0.6372,0.9364,0.5919,0.1378,0.2003,0.1,0.517
0.1209,0.8379,0.756,0.6989,0.7603,1,0.5982
0.5883,0.1171,0.3587,0.9747,0.5186,0.7,0.4555
0.6863,0.0594,0.01,0.0277,0.6533,0.4,0
0.0111,0.8351,0.5949,0.7407,0.3588,0.2,0.7066
0.4541,0.1554,0.9915,0.9274,0.4387,0.3,0.608
0.8259,0.535,0.2569,0.0742,0.1796,0.8,0.1393
0.2948,0.9162,0.1887,0.1097,0.7565,0.8,0.3071
0.4583,0.5676,0.1231,0.6922,0.1563,0.2,0.3823
0.442,0.3972,0.5549,0.6481,0.7783,0.5,0.4161
0.3013,0.445,0.5962,0.0683,0.798,1,0.2925
0.9192,0.0627,0.7923,0.8348,0.7466,0.2,0.7482
0.7817,0.9693,0.753,0.5234,0.0185,0.7,0.6386
0.1096,0.3105,0.8926,0.9077,0.2725,0.1,0.5974
0.9979,0.1891,0.8058,0.8784,0.468,0.9,0.617
0.8798,0.2858,0.2466,0.8129,0.5953,0.1,0.4972
0.2833,0.9649,0.5556,0.5159,0.9194,0.3,0.4458
0.8374,0.0939,0.2968,0.2514,0.3751,0.5,0.0645
0.1054,0.8677,0.3292,0.506,0.8752,0.4,0.2438
1,0.7081,0.9321,0.1003,0.1627,0.1,0.2858
0.6659,0.8304,0.6817,0.659,0.3708,0.7,0.5581
0.6503,0.9764,0.9748,0.1335,0.0514,0,0.4657
0.0894,0.8426,0.4164,0.5112,0.7425,1,0.5933
0.8977,0.9439,0.5371,0.0538,0.1499,0,0.3467
0.0278,0.1266,0.4867,0.2992,0.2564,0.3,0.0377
0.2401,0.7961,0.1064,0.2317,0.7752,1,0.1283
0.1421,0.5458,0.236,0.6202,0.5344,0.1,0.433
0.7772,0.5436,0.5273,0.7871,0.0131,0,0.6159
0.1974,0.8994,0.0665,0.0567,0.0013,0.8,0.1139
0.9113,0.9724,0.9316,0.8507,0.5104,0,0.7677
0.6564,0.7051,0.123,0.8612,0.3044,0.9,0.5888
0.035,0.4829,0.1972,0.342,0.1796,0.4,0.0558
0.0042,0.4564,0.7653,0.6592,0.6134,0.9,0.5326
0.0505,0.3862,0.0961,0.4025,0.2278,0.2,0.3191
0.606,0.3615,0.9004,0.1537,0.592,0.1,0.3109
0.802,0.3914,0.7256,0.5287,0.3788,1,0.3874
0.2378,0.0893,0.0677,0.0858,0.186,0.8,0
0.85,0.077,0.6917,0.8789,0.1373,1,0.4794
0.0561,0.7802,0.6314,0.9248,0.2362,0.3,0.5124
0.8014,0.446,0.7573,0.822,0.0289,0.4,0.6587
0.9285,0.9312,0.8282,0.5626,0.3076,0.6,0.7543
0.7725,0.6124,0.7182,0.5576,0.9021,0.4,0.4841
0.6984,0.0347,0.5859,0.9852,0.8314,0.2,0.4582
0.8385,0.1572,0.3219,0.2476,0.3715,0.4,0.0218
0.039,0.2055,0.6971,0.0754,0.5756,0.6,0.112
0.201,0.9763,0.9572,0.562,0.5671,0,0.5865
0.124,0.2184,0.5873,0.3285,0.8288,0.3,0.1136
0.5044,0.5158,0.6642,0.3221,0.2356,0.3,0.5054
0.7455,0.9367,0.4367,0.0065,0.2958,0,0.2746
0.6301,0.9777,0.7561,0.5963,0.3012,0.1,0.67
0.8517,0.2361,0.9979,0.2637,0.04,0.5,0.4469
0.1543,0.0487,0.1596,0.1874,0.3141,0.1,0.013
0.735,0.1533,0.2017,0.0398,0.8781,0.3,0
0.1922,0.0629,0.5391,0.3642,0.9122,0.6,0.2061
0.2701,0.1948,0.481,0.8794,0.1088,0.9,0.4183
0.7102,0.5687,0.5713,0.3364,0.4577,0.1,0.3702
0.9811,0.9129,0.0481,0.6793,0.3809,0.4,0.4692
0.6116,0.5373,0.4038,0.7568,0.489,0.1,0.4178
0.0534,0.6262,0.5827,0.3279,0.5545,0.4,0.1912
0.6164,0.2016,0.5849,0.822,0.0194,0.5,0.4738
0.0412,0.8009,0.6571,0.6921,0.8423,0.8,0.5534
0.8848,0.6179,0.7201,0.5593,0.9739,0.4,0.3494
0.7099,0.8646,0.6413,0.0004,0.6533,1,0.3621
0.1723,0.9494,0.7902,0.0345,0.6603,0.1,0.4242
0.0907,0.3478,0.6245,0.9914,0.5277,0,0.7779
0.1827,0.0902,0.5372,0.7826,0.3338,0,0.3155
0.9809,0.2257,0.6059,0.9381,0.1482,0.3,0.496
0.4583,0.4378,0.1003,0.9028,0.5838,0.2,0.2842
0.7845,0.9462,0.2725,0.0198,0.0441,0.1,0.2086
0.6365,0.3782,0.5271,0.7922,0.8246,0.2,0.4941
0.5724,0.7711,0.8731,0.4511,0.4205,1,0.4876
0.1442,0.5406,0.6789,0.7899,0.4143,0.8,0.5385
0.9468,0.1825,0.0895,0.0061,0.3266,0,0
0.3007,0.3206,0.592,0.2879,0.9696,1,0.3429
0.578,0.6534,0.221,0.7516,0.1742,0.2,0.3489
0.7,0.6731,0.7339,0.7934,0.1506,0.4,0.6272
0.6494,0.4347,0.8275,0.6198,0.1648,0.3,0.3768
0.9414,0.2284,0.5932,0.301,0.6584,0.4,0.2013
0.1475,0.7222,0.5911,0.3101,0.9922,0.8,0.3352
0.5082,0.1685,0.338,0.9673,0.2348,0.7,0.4377
0.4037,0.9372,0.4458,0.4391,0.9058,0.6,0.4848
0.4739,0.1876,0.8642,0.447,0.278,0.6,0.5063
0.1182,0.1069,0.7232,0.5524,0.6478,0.8,0.4083
0.1331,0.4977,0.5194,0.4094,0.0396,0.2,0.3761
0.2774,0.5196,0.3677,0.5527,0.4953,0.4,0.4646
0.3041,0.5082,0.0495,0.4322,0.6544,0.1,0.2117
0.4276,0.4366,0.1422,0.8271,0.536,0.7,0.3779
0.6111,0.9954,0.1923,0.9095,0.2372,0.4,0.6816
0.6347,0.4863,0.3729,0.9326,0.8286,0.7,0.6364
0.4115,0.478,0.9443,0.5643,0.9704,0.6,0.5979
0.4084,0.4217,0.5048,0.4421,0.4588,0.3,0.1687
0.2169,0.0664,0.2341,0.7055,0.6358,0.1,0.1404
0.5883,0.5931,0.1049,0.8387,0.7904,1,0.4167
0.3165,0.2277,0.3377,0.563,0.2409,0.3,0.3132
0.0349,0.6378,0.8157,0.7002,0.8646,0.1,0.5555
0.4181,0.0504,0.3828,0.75,0.2796,0.3,0.4055
0.4739,0.9819,0.7725,0.6766,0.7758,0.9,0.8067
0.2248,0.469,0.8027,0.7464,0.1113,0.2,0.6465
0.5724,0.8972,0.11,0.2083,0.2878,1,0.3419
0.5657,0.4756,0.6084,0.4983,0.5333,0.5,0.3012
0.7023,0.0599,0.9593,0.5884,0.5246,0.9,0.5083
0.6481,0.8226,0.4016,0.0018,0.8505,0.7,0.1556
0.6526,0.6484,0.05,0.8564,0.9964,0,0.2646
0.3157,0.7821,0.9234,0.6101,0.1064,0.5,0.5902
0.7879,0.4281,0.8838,0.1287,0.2708,0.4,0.4353
0.5491,0.6381,0.5218,0.8167,0.3571,0.2,0.5885
0.4311,0.8566,0.5519,0.7173,0.4786,0.6,0.7653
0.6261,0.6312,0.211,0.7586,0.4936,0.1,0.4333
0.3602,0.3475,0.8195,0.3919,0.8563,0.7,0.606
0.5126,0.6627,0.4982,0.8546,0.7706,0.9,0.6068
0.737,0.6721,0.0329,0.4139,0.0179,0.1,0.2143
0.8871,0.9611,0.6829,0.5706,0.4546,0.5,0.4917
0.9218,0.3708,0.9507,0,0.6179,0.7,0.3863
0.5035,0.425,0.8292,0.645,0.46,0,0.4542
0.5201,0.8125,0.2765,0.7184,0.1299,0.4,0.4106
0.8003,0.5058,0.0524,0.5672,0.397,0.2,0.3738
0.3139,0.7369,0.9405,0.4965,0.4112,0,0.6492
0.8379,0.4597,0.9372,0.8103,0.187,0.8,0.7756
0.494,0.2152,0.5321,0.6816,0.7563,0.4,0.3446
0.1149,0.7455,0.6421,0.2778,0.3209,0.8,0.3553
0.071,0.1308,0.4622,0.9596,0.5888,0.6,0.4317
0.8426,0.1983,0.4193,0.7075,0.5154,0.9,0.4591
0.0545,0.627,0.1186,0.9885,0.8776,1,0.6342
0.28,0.7476,0.0959,0.9718,0.1212,0.6,0.5346
0.3336,0.8952,0.232,0.9194,0.1135,0.3,0.7373
0.1721,0.2724,0.8367,0.7557,0.2998,0.4,0.5857
0.3133,0.1103,0.145,0.6095,0.4308,0.9,0.1685
0.743,0.9566,0.226,0.1717,0.298,0.4,0.3345
0.0135,0.1541,0.5483,0.5434,0.7632,0.5,0.4323
0.8277,0.1974,0.2144,0.7657,0.2446,0.2,0.5001
0.8571,0.2911,0.1624,0.5209,0.084,1,0.3507
0.3718,0.5295,0.563,0.8687,0.4134,0.7,0.5632
0.1527,0.8833,0.3676,0.1091,0.7734,0.3,0.1982
0.6009,0.7609,0.6259,0.3808,0.8507,0.6,0.4903
0.1187,0.7084,0.9123,0.5059,0.7333,0.4,0.6894
0.3645,0.1749,0.1502,0.4322,0.5576,0.1,0.1433
0.9592,0.3576,0.9136,0.1081,0.7241,0.9,0.3706
0.9964,0.4784,0.9026,0.1531,0.6813,0.9,0.386
0.7725,0.1471,0.8291,0.838,0.2337,0.9,0.5309
0.3104,0.2732,0.6311,0.4843,0.5505,0.4,0.3066
0.6879,0.3082,0.6199,0.0481,0.7706,0.2,0.159
0.7057,0.1269,0.639,0.0159,0.3166,0,0.2352
0.3874,0.5503,0.6904,0.4734,0.6538,0.8,0.4118
0.641,0.7053,0.0155,0.1639,0.4811,0.3,0.1113
0.0095,0.0695,0.9583,0.7054,0.5028,0.9,0.3939
0.2083,0.4811,0.5853,0.7957,0.0892,0.9,0.5803
0.525,0.7826,0.7814,0.2279,0.6661,0.1,0.5249
0.1629,0.7483,0.3768,0.5923,0.8658,1,0.5843
0.165,0.8154,0.0114,0.154,0.1407,0.1,0.107
0.8369,0.4482,0.5094,0.3033,0.3656,0.5,0.3357
0.99,0.8209,0.5068,0.8892,0.0478,0.5,0.6478
0.5559,0.2405,0.4365,0.5441,0.0287,1,0.357
0.8396,0.3607,0.3391,0.8863,0.9899,0.7,0.5144
0.9912,0.176,0.2491,0.2249,0.4931,0.9,0.1166
0.1407,0.4675,0.5272,0.3298,0.355,0.6,0.2763
0.448,0.392,0.3747,0.4709,0.2743,0.9,0.3294
0.3922,0.2407,0.9701,0.48,0.9803,0.9,0.4247
0.079,0.7521,0.1721,0.9982,0.2516,0.9,0.5162
0.7557,0.3137,0.3191,0.1139,0.7257,0.4,0.2475
0.4335,0.2726,0.2933,0.8524,0.2832,0.4,0.6346
0.4691,0.1305,0.543,0.8641,0.0696,1,0.3441
0.1498,0.4388,0.4989,0.5532,0.6832,0.8,0.2446
0.1801,0.3028,0.6435,0.3438,0.0007,1,0.1881
0.9078,0.3692,0.9502,0.5192,0.6756,0.6,0.5091
0.0435,0.2357,0.2846,0.2922,0.2498,1,0.1914
0.2321,0.7635,0.6926,0.7995,0.7461,0.7,0.6858
0.2914,0.9305,0.0241,0.4983,0.7698,0.8,0.3402
0.49,0.498,0.2617,0.9263,0.7241,0.1,0.5166
0.5865,0.6432,0.4633,0.6228,0.0236,0.6,0.3881
0.4931,0.8676,0.03,0.5143,0.7037,0.8,0.3064
0.0831,0.9994,0.6174,0.7113,0.9904,0.8,0.6255
0.243,0.6137,0.6782,0.5039,0.242,1,0.3084
0.8442,0.8902,0.7467,0.905,0.2736,0.3,0.6462
0.6377,0.9091,0.5162,0.184,0.8136,0.3,0.2383
0.6493,0.7918,0.6037,0.9739,0.1597,1,0.7928
0.6704,0.4609,0.3956,0.8126,0.6605,1,0.5167
0.7633,0.0807,0.0403,0.8612,0.755,0.1,0.3236
0.057,0.0153,0.0991,0.4829,0.0363,0.4,0
0.3662,0.4772,0.6548,0.8376,0.5535,1,0.4378
0.5394,0.4943,0.9958,0.3065,0.5756,0.2,0.4912
0.3379,0.4073,0.0148,0.7622,0.3029,0.8,0.0394
0.845,0.5683,0.5573,0.14,0.8765,0.1,0.361
0.4824,0.5522,0.7509,0.3068,0.162,0.1,0.1843
0.769,0.837,0.8268,0.4456,0.3637,0.8,0.6459
0.8526,0.1083,0.5449,0.3221,0.8488,0.6,0.137
0.5046,0.2249,0.6197,0.3869,0.1899,0.6,0.3726
0.9103,0.7934,0.6966,0.8205,0.8214,0.9,1
0.5871,0.8482,0.859,0.2563,0.0782,0.3,0.2508
0.8509,0.9954,0.1214,0.7456,0.4889,0.5,0.5758
0.3401,0.8734,0.9263,0.0732,0.0745,0.6,0.2332
0.4986,0.8904,0.0251,0.766,0.6778,0.8,0.4892
0.5313,0.3142,0.8362,0.7924,0.7906,0.3,0.5377
0.104,0.4016,0.0758,0.4016,0.85,0.6,0.1435
0.3982,0.2679,0.1939,0.7227,0.9815,0.4,0.2112
0.9181,0.6064,0.0029,0.9156,0.6719,0.5,0.5216
0.6309,0.9393,0.4448,0.8011,0.7691,0.9,0.4986
0.1766,0.3445,0.3338,0.3903,0.5054,0.4,0.3045
0.3383,0.5571,0.1652,0.4842,0.9129,0.7,0.2245
0.1908,0.2961,0.4507,0.7797,0.6436,1,0.2899
0.0236,0.1695,0.4019,0.2923,0.8837,0.8,0.2749
0.9282,0.1949,0.7676,0.8042,0.2348,1,0.5463
0.4479,0.0575,0.8932,0.3278,0.4964,0.6,0.4689
0.307,0.9498,0.6524,0.8063,0.7298,0.3,0.7754
0.5985,0.4028,0.1236,0.0863,0.202,1,0
0.0061,0.8345,0.2948,0.0438,0.2107,0.7,0.1413
0.2774,0.6816,0.9134,0.9983,0.9783,0.2,0.7718
0.7033,0.1916,0.0879,0.8699,0.4342,0.3,0.4585
0.6339,0.1751,0.4064,0.8833,0.1811,0.2,0.4542
0.9827,0.8124,0.9427,0.9518,0.3309,0.9,0.8669
0.6204,0.2645,0.9508,0.4382,0.3969,0.1,0.3934
0.4773,0.9138,0.4107,0.2865,0.6229,0.8,0.3565
0.7618,0.1397,0.6672,0.1295,0.9232,0.6,0.295
0.904,0.6779,0.4563,0.5012,0.9869,0,0.4131
0.721,0.8148,0.7534,0.2197,0.6516,0.6,0.3893
0.964,0.235,0.0306,0.9361,0.6998,0.8,0.3276
0.7824,0.276,0.1433,0.0034,0.3213,0.7,0
0.8674,0.9651,0.614,0.1427,0.8573,0.5,0.2644
0.1131,0.2644,0.2318,0.2461,0.2171,0.3,0
0.7327,0.4299,0.6659,0.1986,0.1056,0.1,0.3951
0.4398,0.4325,0.3507,0.2254,0.9735,0,0.1325
0.553,0.2528,0.8867,0.6562,0.8643,0.3,0.5611
0.6543,0.7761,0.8193,0.3273,0.3031,0.6,0.2494
0.9706,0.7722,0.4925,0.6151,0.6751,0,0.5569
0.9854,0.3782,0.7729,0.8907,0.4667,1,0.6363
0.2876,0.8355,0.2705,0.6027,0.3226,0.6,0.3709
0.7341,0.2128,0.4939,0.6947,0.2862,0.3,0.3946
0.7503,0.0038,0.1967,0.3653,0.1353,1,0.0488
0.346,0.5713,0.861,0.1593,0.5491,0.2,0.1293
0.1229,0.9946,0.8231,0.3203,0.4462,1,0.6032
0.0398,0.0382,0.9023,0.9648,0.5119,0.3,0.5686
0.7778,0.2077,0.8776,0.6219,0.2147,0.4,0.4471
0.4895,0.519,0.9598,0.2772,0.9388,0.4,0.3302
0.9864,0.8103,0.2276,0.4508,0.6384,1,0.253
0.4647,0.0886,0.932,0.8359,0.8998,0.2,0.56
0.9788,0.3951,0.5709,0.6686,0.1085,1,0.631
0.4112,0.7474,0.422,0.5607,0.6227,0.3,0.4412
0.7941,0.3714,0.5601,0.8856,0.8496,0.3,0.4143
0.0838,0.1885,0.342,0.6726,0.3304,0.7,0.3034
0.5554,0.1952,0.2879,0.6429,0.1945,0.7,0.2776
0.8025,0.41,0.2406,0.1894,0.2644,0.3,0.1993
0.9254,0.4794,0.0815,0.1059,0.2723,0.1,0.1043
0.8231,0.8622,0.4962,0.9657,0.4468,0.4,0.4189
0.0358,0.6424,0.8879,0.599,0.3254,0.5,0.5953
0.3723,0.6906,0.6299,0.4156,0.2707,0,0.2986
0.0476,0.9835,0.5206,0.5891,0.6484,0,0.3674
0.1083,0.4118,0.4281,0.0612,0.0522,1,0.0832
0.6755,0.4033,0.464,0.8225,0.3398,0,0.5032
0.7135,0.9238,0.2085,0.2163,0.6897,0.4,0.1144
0.7741,0.2456,0.823,0.8049,0.1751,0.8,0.632
0.8661,0.7301,0.1976,0.5344,0.2203,0.3,0.4272
0.7398,0.7549,0.7165,0.2763,0.2,0.5,0.42
0.8013,0.0974,0.7599,0.0296,0,0,0.0375
0.0478,0.4682,0.5746,0.8162,0.4734,0.8,0.4159
0.2338,0.2003,0.863,0.176,0.0381,0.6,0.3276
0.622,0.1851,0.2904,0.0512,0.2723,0.9,0
0.8587,0.4638,0.8817,0.7562,0.9951,0.9,0.7411
0.0033,0.2892,0.7293,0.3498,0.9186,0.3,0.2613
0.5145,0.7964,0.7987,0.3892,0.2144,0,0.4644
0.6775,0.9081,0.6644,0.2467,0.3095,0.3,0.259
0.0284,0.8031,0.8464,0.8596,0.4633,0.1,0.6686
0.401,0.2658,0.9933,0.2971,0.8445,0.5,0.4231
0.8963,0.2739,0.4197,0.2098,0.8027,0.1,0.0321
0.6718,0.2545,0.8139,0.309,0.1255,1,0.3838
0.2369,0.1347,0.7445,0.2028,0.1237,0.6,0.197
0.8534,0.9443,0.4524,0.3174,0.4163,0.2,0.3387
0.3475,0.402,0.9271,0.0824,0.8702,1,0.3773
0.8539,0.2244,0.3939,0.1581,0.8822,0.8,0
0.2983,0.8471,0.5652,0.4169,0.1066,0.4,0.4538
0.5903,0.3991,0.1051,0.8799,0.5741,0.1,0.5216
0.3966,0.0346,0.2251,0.0567,0.1549,0.3,0.0541
0.2742,0.1616,0.8407,0.2123,0.686,0.6,0.2773
0.8872,0.6394,0.396,0.9088,0.9166,0.8,0.57
0.1868,0.7832,0.3936,0.8905,0.4544,0.2,0.4958
0.0838,0.2106,0.2453,0.6796,0.0823,0.8,0.2328
0.3414,0.9179,0.4912,0.2401,0.579,0.3,0.3899
0.7179,0.8514,0.8058,0.4197,0.4081,0.2,0.4534
0.8079,0.8488,0.8953,0.2108,0.811,0.4,0.5484
0.9996,0.2274,0.0692,0.1281,0.3398,0.1,0.1873
0.2958,0.0501,0.5745,0.3798,0.875,0.4,0.1897
0.4076,0.8679,0.4669,0.5759,0.2731,0.3,0.3494
0.1359,0.3056,0.614,0.3597,0.1568,0.3,0.1236
0.5749,0.6191,0.4468,0.6109,0.3059,0.8,0.5159
0.9985,0.7603,0.3981,0.296,0.034,0.3,0.3229
0.7011,0.1279,0.4715,0.3456,0.2807,0.7,0.2794
0.5952,0.7812,0.5817,0.791,0.66,0.7,0.5692
0.392,0.939,0.5006,0.8788,0.1415,0.7,0.7332
0.916,0.7287,0.4717,0.3218,0.1106,0.2,0.3331
0.4967,0.4412,0.8178,0.5716,0.1316,0.9,0.4289
0.1334,0.8771,0.7456,0.2779,0.0767,0.2,0.3701
0.3649,0.5275,0.3408,0.0528,0.8748,0.3,0
0.0661,0.7451,0.8006,0.7381,0.9443,0.9,0.8159
0.2012,0.8209,0.8537,0.1706,0.0457,0.3,0.377
0.0165,0.7497,0.1527,0.4256,0.7601,0.7,0.3209
0.453,0.2877,0.5824,0.487,0.7371,0,0.2578
0.6347,0.1175,0.2847,0.1841,0.9972,0.6,0
0.3428,0.2381,0.7391,0.094,0.3474,0.9,0.1645
0.42,0.5029,0.2381,0.3478,0.2849,0.7,0.3088
0.96,0.5053,0.6712,0.9528,0.4527,0.6,0.6166
0.7523,0.5828,0.2544,0.6153,0.8567,0.9,0.3134
0.5408,0.395,0.5108,0.3812,0.7285,0.3,0.2957
0.2839,0.7872,0.9488,0.0383,0.4713,0.4,0.4071
0.8977,0.9136,0.3808,0.6004,0.2439,0,0.6418
0.2344,0.2465,0.8758,0.0917,0.727,0.7,0.255
0.3248,0.7368,0.9872,0.5426,0.8546,0.7,0.6699
0.9098,0.6782,0.8749,0.7522,0.3995,0.8,0.7576
0.5294,0.5231,0.1651,0.4235,0.6685,0.8,0.132
0.7427,0.1882,0.8197,0.2991,0.3998,0.1,0.2022
0.5908,0.7956,0.0312,0.0468,0.4781,0.7,0
0.6536,0.9612,0.3928,0.0242,0.5246,0.8,0.1348
0.2988,0.7221,0.8708,0.4299,0.7757,0.2,0.5682
0.2407,0.9183,0.6886,0.8838,0.9778,0.5,0.7341
0.3219,0.9847,0.5324,0.2437,0.444,1,0.4039
0.1545,0.3519,0.3873,0.5741,0.3418,0.4,0.0517
0.8749,0.6384,0.8123,0.6845,0.3731,0.8,0.8153
0.2826,0.4739,0.7094,0.0603,0.1331,0.5,0.1222
0.5615,0.9872,0.468,0.1526,0.2964,0.7,0.5265
0.7924,0.0934,0.8926,0.331,0.0856,0.6,0.1883
0.7843,0.4123,0.2292,0.6703,0.4275,0.7,0.2785
0.4381,0.876,0.1696,0.4389,0.1666,0.8,0.1298
0.476,0.2838,0.6426,0.7345,0.3459,0.9,0.5044
0.9956,0.7881,0.9722,0.868,0.7936,0.3,0.6972
0.6748,0.3827,0.2466,0.7587,0.2453,1,0.2946
0.8151,0.9805,0.249,0.9928,0.6117,0.6,0.5398
0.9032,0.884,0.1387,0.7546,0.9013,0.6,0.5742
0.788,0.3011,0.8606,0.8526,0.5667,0.3,0.6693
0.1843,0.7705,0.2257,0.8328,0.1931,0.4,0.6404
0.5621,0.3367,0.5028,0.7305,0.3443,0.7,0.3723
0.1009,0.6065,0.9911,0.8021,0.5902,0.4,0.6868
0.6531,0.6587,0.0112,0.9352,0.5063,0.3,0.3298
0.9562,0.83,0.5562,0.4752,0.1479,0.9,0.4725
0.5126,0.024,0.5119,0.6384,0.4464,0.4,0.2484
0.4327,0.2199,0.8074,0.5149,0.5428,0.7,0.4415
0.0347,0.7122,0.3547,0.8514,0.2667,0,0.5784
0.9606,0.5636,0.4099,0.4312,0.6123,0,0.4246
0.102,0.4956,0.1672,0.8201,0.0693,0.9,0.3054
0.0399,0.0548,0.7407,0.7997,0.3361,0.1,0.5038
0.2454,0.3481,0.7847,0.9624,0.8043,0.8,0.6231
0.0644,0.8655,0.1358,0.2486,0.2587,0.9,0.1813
0.4549,0.0304,0.3929,0.7099,0.605,0.5,0.2278
0.516,0.3964,0.893,0.7572,0.4096,0.9,0.5474
0.312,0.9457,0.0017,0.9368,0.3159,0.4,0.6659
0.0498,0.0504,0.2981,0.9074,0.9163,1,0.3818
0.1106,0.75,0.5547,0.5736,0.3428,0.2,0.4626
0.3841,0.2574,0.3335,0.5792,0.236,0.4,0.2393
0.0594,0.867,0.2714,0.1669,0.9095,0.4,0.4333
0.6984,0.7464,0.4596,0.9755,0.7459,0.8,0.7854
0.2062,0.8862,0.1808,0.2547,0.6817,0,0.1489
0.3015,0.2156,0.5293,0.725,0.0487,0.9,0.3699
0.3937,0.5314,0.7066,0.7961,0.1304,0,0.5283
0.4163,0.7796,0.575,0.4411,0.6382,0.3,0.441
0.0004,0.2455,0.0922,0.2108,0.2088,0.6,0
0.1111,0.2305,0.8445,0.1886,0.225,0.1,0.2568
0.8634,0.0267,0.1742,0.8569,0.7792,0.5,0.4505
0,0.959,0.7648,0.5107,0.2853,1,0.4453
0.508,0.7103,0.36,0.0896,0.0707,0.9,0.0925
0.4893,0.6357,0.7827,0.7173,0.0355,0,0.5265
0.3326,0.7443,0.2055,0.2498,0.4428,0.6,0.1698
0.431,0.5317,0.1859,0.8768,0.6169,0.6,0.6271
0.781,0.4761,0.4966,0.3093,0.869,0,0.3649
0.8418,0.4495,0.032,0.1999,0.11,0.7,0.1689
0.2597,0.6406,0.2246,0.0843,0.196,0.5,0.0757
0.3219,0.2012,0.7239,0.5115,0.5295,0.7,0.3302
0.2418,0.8885,0.8374,0.4507,0.3636,0.3,0.4005
0.4797,0.8121,0.0799,0.7516,0.4822,0.2,0.4863
0.6835,0.3494,0.8822,0.4645,0.9243,0.8,0.506
0.2275,0.5787,0.7975,0.3436,0.5446,0.7,0.5208
0.3302,0.1407,0.8698,0.2613,0.4147,0.1,0.2306
0.9311,0.9729,0.6983,0.2778,0.9897,0.2,0.4679
0.0474,0.9034,0.674,0.9284,0.0644,0.6,0.7153
0.4605,0.9224,0.5247,0.1646,0.9323,0.9,0.4335
0.7118,0.332,0.6526,0.9888,0.5013,0.2,0.4606
0.1495,0.1688,0.9192,0.3267,0.5034,0.2,0.3651
0.0462,0.2115,0.0997,0.0879,0.9222,0.8,0
0.1373,0.0896,0.3152,0.2484,0.507,0.7,0
0.9195,0.1197,0.0716,0.0578,0.438,0.9,0
0.008,0.0709,0.945,0.7904,0.2719,0.8,0.49
0.1875,0.9904,0.4448,0.5125,0.6587,1,0.6202
0.0301,0.0736,0.6752,0.3368,0.5694,0.2,0.3418
0.1096,0.1322,0.8412,0.6622,0.2137,0.2,0.4428
0.6202,0.8276,0.9912,0.6308,0.7093,0.2,0.8584
0.2409,0.5804,0.161,0.9404,0.6439,0,0.4385
0.5692,0.7747,0.7995,0.9618,0.3969,0.8,0.8549
0.5902,0.6311,0.8875,0.6809,0.0035,0.7,0.5784
0.85,0.8826,0.0479,0.8182,0.4462,0,0.4229
0.0035,0.6386,0.754,0.7928,0.0051,0.2,0.5095
0.854,0.5222,0.3542,0.4913,0.0742,0.2,0.1348
0.6192,0.713,0.6484,0.7047,0.4302,0.4,0.6888
0.1619,0.4474,0.5137,0.0777,0.0811,0.5,0.0726
0.7734,0.3459,0.2591,0.7583,0.2751,0.3,0.2945
0.8561,0.4676,0.1344,0.9624,0.6554,1,0.3815
0.2536,0.1694,0.1161,0.0844,0.3081,0.2,0
0.9195,0.7969,0.1025,0.8365,0.9979,0.6,0.6691
0.4542,0.2605,0.6376,0.9335,0.9165,0.4,0.7344
0.6035,0.1532,0.3509,0.2258,0.5851,0.4,0
0.9855,0.2461,0.2159,0.5248,0.9672,0.9,0.23
0.3611,0.8425,0.6917,0.9284,0.8681,1,0.6376
0.8137,0.33,0.6867,0.9608,0.3184,0,0.6829
0.3178,0.6863,0.5388,0.1274,0.7496,0.5,0.2735
0.7997,0.8568,0.9351,0.3488,0.1361,0.1,0.4796
0.6008,0.0773,0.3849,0.6984,0.6845,0.4,0.3118
0.2156,0.7653,0.8359,0.2212,0.4908,0.6,0.3608
0.4137,0.3075,0.0742,0.3245,0.0159,0.4,0.2225
0.3171,0.2163,0.7397,0.0227,0.2736,0.3,0.1732
0.077,0.6891,0.9887,0.1531,0.9556,0.3,0.4499
0.0287,0.9103,0.8466,0.5624,0.3153,0.3,0.3342
0.346,0.2948,0.5794,0.6533,0.1807,0.3,0.3767
0.0178,0.5689,0.6265,0.6491,0.1868,0.4,0.6469
0.1646,0.2896,0.3527,0.7787,0.4789,0.7,0.4926
0.7255,0.5544,0.6793,0.4152,0.8427,0.1,0.2326
0.7084,0.622,0.7703,0.2732,0.758,0,0.352
0.7389,0.6105,0.9985,0.015,0.4365,0.5,0.2403
0.3166,0.6237,0.4921,0.2062,0.2081,0.7,0.4099
0.8907,0.1347,0.0604,0.3121,0.0452,0.2,0.0624
0.5939,0.6938,0.5956,0.1778,0.4623,0.2,0.2243
0.1251,0.675,0.1182,0.0195,0.8148,0.6,0.0492
0.1428,0.6828,0.2441,0.157,0.7296,0.4,0
0.6933,0.0736,0.3282,0.6663,0.4082,0.8,0.1881
0.1721,0.4468,0.7309,0.6297,0.5945,0.1,0.4535
0.5071,0.409,0.183,0.9362,0.4358,0.1,0.4976
0.9927,0.0863,0.165,0.7985,0.5788,0.6,0.1336
0.0028,0.2221,0.044,0.5678,0.5172,0.4,0.095
0.0154,0.4409,0.8733,0.1371,0.6809,0.8,0.3782
0.994,0.7432,0.6934,0.5641,0.5074,0.5,0.4237
0.5847,0.2368,0.039,0.061,0.9408,0.3,0
0.1259,0.8301,0.0273,0.4308,0.4276,0.1,0.2319
0.898,0.5459,0.5584,0.3901,0.015,0.1,0.5098
0.881,0.7607,0.2819,0.4277,0.2357,0.8,0.3423
0.5361,0.4726,0.5965,0.2795,0.5003,0.2,0.262
0.6219,0.4992,0.4341,0.686,0.5403,0.5,0.515
0.2725,0.6199,0.9235,0.8413,0.5521,0.8,0.5691
0.0494,0.9285,0.2872,0.7688,0.7145,0.9,0.5025
0.5946,0.4918,0.679,0.6279,0.2741,0.2,0.4305
0.2941,0.5287,0.0531,0.5384,0.6648,0.1,0.2016
0.6638,0.6021,0.956,0.0305,0.704,0.8,0.4295
0.8368,0.7378,0.981,0.7232,0.4109,0.7,0.7722
0.017,0.0714,0.739,0.545,0.4017,0.3,0.2356
0.5957,0.5157,0.4648,0.2704,0.1782,0.6,0.2697
0.2305,0.4816,0.2193,0.3276,0.4136,0.2,0.2937
0.8745,0.9222,0.8125,0.9361,0.7868,0.7,0.7442
0.253,0.4935,0.7363,0.6245,0.9091,0.8,0.5105
0.6108,0.4683,0.2212,0.4759,0.5934,0.3,0.2344
0.5535,0.9627,0.4508,0.621,0.2988,0.5,0.5269
0.3958,0.4506,0.4624,0.4136,0.6822,0.3,0.1348
0.6778,0.1806,0.8264,0.4701,0.7401,0,0.4963
0.7261,0.2166,0.6837,0.29,0.3317,0.1,0.1763
0.5669,0.0948,0.643,0.4398,0.8266,1,0.3926
0.7588,0,0.6496,0.6858,0.0729,0.5,0.3158
0.9843,0.4319,0.2698,0.0393,0.0098,0.1,0.0101
0.4189,0.7696,0.3712,0.7954,0.1222,0,0.6159
0.5144,0.7338,0.0447,0.2827,0.1553,0.3,0.2586
0.0113,0.0317,0.7869,0.6828,0.8791,1,0.4232
0.7965,0.5701,0.4325,0.6429,0.4246,0.4,0.5121
0.5201,0.1539,0.4378,0.6528,0.2743,1,0.3085
0.4076,0.9416,0.2447,0.6082,0.4287,0.5,0.4434
0.093,0.167,0.2087,0.9596,0.3944,0.8,0.3087
0.8903,0.6268,0.5876,0.5083,0.3009,0.8,0.5501
0.3946,0.3261,0.2318,0.7326,0.1371,0,0.2403
0.6828,0.6417,0.0633,0.7057,0.6558,0,0.4854
0.1485,0.4122,0.7675,0.2359,0.1358,1,0.2684
0.9624,0.76,0.3759,0.283,0.7754,1,0.3485
0.1776,0.2304,0.3797,0.4239,0.201,0.1,0.2447
0.1987,0.9063,0.4309,0.2774,0.7313,0.7,0.3427
0.8596,0.5002,0.8151,0.3666,0.8056,1,0.4251
0.9133,0.7564,0.3202,0.3908,0.1246,1,0.3636
0.2114,0.8501,0.758,0.604,0.0859,0.3,0.6458
0.4696,0.9994,0.9397,0.2195,0.9498,0.8,0.4715
0.7338,0.2237,0.6607,0.8046,0.4627,0.7,0.492
0.879,0.2867,0.4312,0.4374,0.6301,1,0.299
0.3786,0.2502,0.7477,0.7065,0.0224,0.1,0.5239
0.5169,0.2626,0.4575,0.0809,0.2781,0.6,0.0838
0.7421,0.5826,0.4139,0.4699,0.5051,0,0.5088
0.7315,0.9941,0.5249,0.0276,0.8864,0.3,0.2887
0.7834,0.9908,0.3171,0.6761,0.2708,0,0.496
0.5699,0.5268,0.1034,0.3435,0.7752,0.4,0.1555
0.1036,0.6392,0.4144,0.9498,0.6621,0.8,0.4463
0.9047,0.8604,0.123,0.3239,0.1145,0.7,0.1913
0.8662,0.9334,0.41,0.5639,0.2928,0.3,0.4489
0.7986,0.2036,0.5566,0.2571,0.2372,0.4,0.3066
0.0988,0.5286,0.9309,0.6202,0.4421,0.4,0.5362
0.2036,0.8332,0.0353,0.467,0.6352,0.8,0.2346
0.744,0.303,0.6212,0.3704,0.433,0.2,0.4074
0.022,0.4398,0.4573,0.2033,0.2439,0.1,0.29
0.9801,0.9862,0.0193,0.111,0.6958,0.5,0.3093
0.3767,0.9856,0.2489,0.1194,0.5843,0.9,0.1679
0.7196,0.9066,0.1176,0.9996,0.519,0.5,0.5488
0.8882,0.7988,0.2161,0.4122,0.5542,0.2,0.4945
0.3942,0.2689,0.2739,0.0013,0.2212,0,0
0.3186,0.3207,0.4008,0.9535,0.6803,1,0.4741
0.6088,0.5474,0.5287,0.0194,0.387,0.8,0.2481
0.581,0.5609,0,0.4185,0.363,0.1,0.2591
0.4088,0.5055,0.1611,0.7177,0.149,0,0.272
0.6018,0.6369,0.0927,0.9151,0.5966,0.1,0.4712
0.9361,0.4083,0.5494,0.7131,0.6025,0.4,0.5651
0.4674,0.7495,0.3285,0.4636,0.3398,0.8,0.259
0.1959,0.3334,0.5481,0.975,0.86,0.1,0.5229
0.3768,0.3305,0.2211,0.0387,0.8456,0.9,0
0.3937,0.1268,0.0233,0.9875,0.1083,0,0.2063
0.1302,0.1884,0.9415,0.8498,0.695,0.8,0.5222
0.162,0.8509,0.1074,0.9294,0.3934,0.3,0.5417
0.6848,0.4463,0.126,0.2544,1,1,0.1179
0.339,0.2276,0.1457,0.142,0.2244,0.5,0
0.9557,0.7597,0.9815,0.6635,0.2799,0.2,0.6925
0.2429,0.5541,0.6174,0.5159,0.4417,0.2,0.2903
0.0979,0.0207,0.61,0.5232,0.2681,0.9,0.3035
0.7539,0.3162,0.9869,0.9251,0.6919,0.4,0.7905
0.8817,0.1767,0.0876,0.6202,0.4806,0.3,0.2032
0.2775,0.6561,0.9747,0.3108,0.2202,0.8,0.4519
0.2013,0.2748,0.2033,0.3999,0.5061,0.5,0.1715
0.1849,0.0645,0.6228,0.133,0.8889,0.7,0
0.5219,0.0545,0.4196,0.1919,0.7924,0.4,0.1222
0.4682,0.5818,0.3834,0.1429,0.4985,0,0.4489
0.2588,0.0212,0.9314,0.8106,0.2879,0,0.4697
0.044,0.8492,0.1484,0.7051,0.1792,0,0.375
0.4813,0.155,0.9973,0.5304,0.8785,0.6,0.5228
0.9601,0.6067,0.3786,0.3742,0.7101,0.5,0.4798
0.6527,0.4447,0.6486,0.6687,0.5719,0.8,0.5877
0.4953,0.4428,0.9681,0.8133,0.8796,0.9,0.4675
0.1097,0.0714,0.0567,0.8817,0.1209,0.1,0.2811
0.2517,0.8031,0.923,0.547,0.6824,1,0.8515
0.2942,0.8935,0.5675,0.8203,0.216,1,0.702
0.7652,0.0105,0.7043,0.5113,0.1198,0.6,0.2118
0.8773,0.1783,0.1484,0.4745,0.4652,0.5,0.1969
0.9023,0.9044,0.5331,0.8659,0.3869,0.1,0.5478
0.9854,0.5496,0.6733,0.3862,0.9414,0.1,0.5188
0.9832,0.1497,0.4558,0.3958,0.3234,0,0.1274
0.9538,0.2025,0.1542,0.3046,0.815,0.7,0.1243
0.0707,0.6602,0.2434,0.5187,0.7488,0.4,0.2229
0.1369,0.7251,0.8544,0.5449,0.6678,0.2,0.4807
0.3039,0.5996,0.0335,0.6606,0.9206,0.1,0.4246
0.5528,0.9537,0.7087,0.4304,0.4075,0,0.5201
0.0959,0.4941,0.9996,0.2175,0.3892,0.7,0.3254
0.8464,0.3001,0.0065,0.8673,0.1602,0.7,0.2348
0.6168,0.4772,0.1603,0.3458,0.2752,0.6,0.0096
0.5423,0.3595,0.674,0.9234,0.8799,0.1,0.4547
0.1644,0.2241,0.0591,0.207,0.474,0,0
0.2526,0.0455,0.5895,0.5601,0.3408,0.1,0.353
0.1594,0.3521,0.6838,0.5366,0.2154,0.8,0.3344
0.8525,0.7117,0.5879,0.829,0.4846,0.8,0.7827
0.5842,0.0179,0.3646,0.1384,0.7166,0.3,0
0.7355,0.4391,0.6971,0.9104,0.2861,0,0.5745
0.2954,0.6442,0.594,0.5314,0.7577,0.3,0.3316
0.3708,0.6106,0.2069,0.5862,0.6296,0.8,0.4323
0.4045,0.777,0.5628,0.5102,0.7876,0.1,0.6418
0.7604,0.8109,0.882,0.0354,0.2503,0.8,0.2253
0.7728,0.712,0.6667,0.4971,0.6309,0.5,0.464
0.206,0.1024,0.4714,0.2632,0.153,0.1,0.2137
0.9423,0.475,0.321,0.3425,0.3633,1,0.1374
0.1197,0.6035,0.085,0.6493,0.7243,0.5,0.353
0.8968,0.2453,0.2439,0.4977,0.6315,0.7,0.3552
0.0994,0.0421,0.0102,0.0927,0.1872,0.1,0
0.2639,0.2233,0.9868,0.0725,0.8585,0.4,0.2871
0.847,0.4549,0.2218,0.1852,0.0525,0.6,0.2981
0.1786,0.4139,0.8149,0.1905,0.595,0.7,0.4688
0.4132,0.1763,0.1679,0.6084,0.9841,0,0.1893
0.4496,0.8248,0.283,0.1774,0.5312,0.6,0.1843
0.2445,0.9262,0.4178,0.8822,0.8007,1,0.5506
0.7105,0.2011,0.3238,0.2094,0.595,0.8,0.2048
0.8519,0.9301,0.7983,0.0906,0.7831,0.2,0.2818
0.8752,0.0174,0.9579,0.8762,0.6555,1,0.5775
0.3388,0.9255,0.8754,0.295,0.691,0.7,0.52
0.5307,0.9525,0.1528,0.4253,0.2272,0,0.2733
0.2477,0.0115,0.7766,0.9596,0.7418,0.1,0.5294
0.2441,0.7633,0.1471,0.9449,0.2373,1,0.7602
0.1604,0.9707,0.9135,0.7152,0.9809,0.2,0.6911
0.9408,0.9064,0.5175,0.0684,0.2271,0.1,0.2542
0.8886,0.9713,0.3358,0.5934,0.236,0.4,0.5957
0.7778,0.5504,0.1562,0.9897,0.8588,0.5,0.534
0.5175,0.0777,0.0108,0.9474,0.2424,0.6,0.4258
0.4904,0.8502,0.2473,0.1055,0.3604,0.7,0.2152
0.5296,0.614,0.9141,0.3958,0.7146,1,0.4847
0.5365,0.6149,0.7972,0.3153,0.158,0.8,0.2541
0.4343,0.4172,0.97,0.1292,0.1583,0,0.1497
0.1308,0.572,0.0999,0.695,0.486,0,0.1281
0.1247,0.1532,0.5919,0.2735,0.2431,0,0.1827
0.953,0.7401,0.2565,0.3446,0.235,0.4,0.1753
0.4818,0.0746,0.5426,0.0898,0.0083,0.3,0.1729
0.954,0.7301,0.3199,0.4979,0.37,1,0.4166
0.1627,0.8494,0.2828,0.1577,0.3177,0.4,0.1798
0.5544,0.4725,0.5736,0.432,0.0303,0,0.2512
0.2069,0.5099,0.1826,0.1429,0.6211,0.9,0.1505
0.2525,0.312,0.4687,0.9544,0.6265,0.2,0.4105
0.0289,0.97,0.6506,0.1445,0.07,1,0.2713
0.118,0.7334,0.1273,0.5219,0.3165,0.8,0.4082
0.9176,0.3689,0.9307,0.1966,0.8729,0.9,0.41
0.321,0.1745,0.5054,0.0758,0.5819,0.9,0.0619
0.6082,0.2193,0.8195,0.2019,0.4115,0.1,0.3054
0.4648,0.4639,0.6537,0.0542,0.4647,0.6,0.201
0.4001,0.9431,0.7099,0.1389,0.2076,0.4,0.4114
0.5318,0.7344,0.716,0.4935,0.8119,0.6,0.4312
0.1864,0.215,0.8752,0.652,0.9142,0.8,0.6657
0.9895,0.86,0.6134,0.0868,0.9108,0.5,0.294
0.8188,0.3781,0.2776,0.4409,0.2233,0.3,0.3833
0.742,0.8521,0.0986,0.5813,0.3102,1,0.3804
0.4685,0.2414,0.606,0.2339,0.1599,0.7,0.2807
0.152,0.6188,0.0654,0.3719,0.3066,0.9,0.2506
0.9214,0.9272,0.2406,0.0713,0.3323,0.2,0.3191
0.3409,0.2577,0.0598,0.2198,0.6329,0.9,0
0.049,0.6932,0.5486,0.4667,0.1889,0.3,0.4766
0.3419,0.9879,0.1595,0.991,0.9196,0.5,0.777
0.7949,0.1502,0.6102,0.9969,0.1023,0.9,0.5388
0.6228,0.088,0.7908,0.9802,0.006,0.3,0.5663
0.7512,0.6744,0.8219,0.423,0.8551,0.2,0.4446
0.7941,0.3396,0.3089,0.0801,0.7037,1,0.0705
0.2112,0.0708,0.5486,0.3233,0.3549,1,0.3354
0.9245,0.4753,0.5627,0.2374,0.5953,0.3,0.1857
0.4377,0.7541,0.4725,0.0135,0.2229,0.3,0.0989
0.6391,0.2849,0.6549,0.0947,0.1677,0.2,0.312
0.0011,0.3349,0.2094,0.4531,0.4708,0,0.2057
0.9943,0.8461,0.9795,0.3394,0.3527,0.6,0.7755
0.2803,0.5201,0.0972,0.1799,0.615,0.2,0.0219
